{
  "version": "1.1.1",
  "windows": {
    "main": {
      "main": true,
      "url": "app://editor/index.html",
      "windowType": "dockable",
      "x": -8,
      "y": -8,
      "width": 1936,
      "height": 1056,
      "layout": {
        "children": [
          {
            "children": [
              {
                "active": 0,
                "children": [
                  "hierarchy"
                ],
                "height": 322.828125,
                "type": "panel",
                "width": 463
              },
              {
                "active": 0,
                "children": [
                  "assets",
                  "cloud-function"
                ],
                "height": 609.671875,
                "type": "panel",
                "width": 463
              }
            ],
            "height": 935.5,
            "type": "dock-v",
            "width": 463
          },
          {
            "children": [
              {
                "children": [
                  {
                    "active": 0,
                    "children": [
                      "scene"
                    ],
                    "height": 666.5,
                    "type": "panel",
                    "width": 720.96875
                  },
                  {
                    "active": 0,
                    "children": [
                      "node-library"
                    ],
                    "height": 666.5,
                    "type": "panel",
                    "width": 264
                  }
                ],
                "height": 666.5,
                "type": "dock-h",
                "width": 987.984375
              },
              {
                "active": 0,
                "children": [
                  "console",
                  "timeline",
                  "game-window"
                ],
                "height": 266,
                "type": "panel",
                "width": 987.984375
              }
            ],
            "height": 935.5,
            "type": "dock-v",
            "width": 987.984375
          },
          {
            "active": 0,
            "children": [
              "inspector",
              "cocos-services"
            ],
            "height": 935.5,
            "type": "panel",
            "width": 463
          }
        ],
        "type": "dock-h"
      },
      "panels": [
        "hierarchy",
        "assets",
        "cloud-function",
        "scene",
        "node-library",
        "console",
        "timeline",
        "game-window",
        "inspector",
        "cocos-services"
      ]
    },
    "worker": {}
  },
  "panels": {},
  "panelLabelWidth": {
    "inspector": null
  }
}
